{
  "A_coefficients_ascending": [
    "-339738624",
    "679280640",
    "3058483200",
    "-8751722496",
    "-6102650880",
    "42343983024",
    "-31323885408",
    "-81044376192",
    "183198116384",
    "-40246349248",
    "-307961723136",
    "434593034056",
    "-102900423056",
    "-458270671296",
    "519595435736",
    "-190972433392",
    "-192592259136",
    "-82326017189",
    "129237959050",
    "598726680024",
    "-1008148472044",
    "250841074688",
    "920108531712",
    "-990896393216",
    "247495548928",
    "551161774080",
    "-454255501312",
    "149747351552",
    "154760798208",
    "-109457702912",
    "46227521536",
    "17002659840",
    "-11335106560",
    "5667553280"
  ],
  "A_degree": 33,
  "B_coefficients_ascending": [
    "65536",
    "-278528",
    "340561920",
    "-680412160",
    "-2604957328",
    "7851847968",
    "2607366736",
    "-32446490240",
    "35232432816",
    "42355625408",
    "-142894075048",
    "90884163984",
    "126821843320",
    "-289267077272",
    "130052516280",
    "177305444984",
    "-190993816657",
    "-13148523990",
    "7640779477",
    "262429509322",
    "-195420819561",
    "-268914338422",
    "557901171515",
    "-203870616576",
    "-312052465664",
    "404849966080",
    "-131936117760",
    "-160540707840",
    "152405474304",
    "-56086013952",
    "-40233446400",
    "30780948480",
    "-13385072640",
    "-4010803200",
    "2673868800",
    "-1336934400"
  ],
  "B_degree": 35,
  "candidate_classification": [
    {
      "A_interval": [
        "[-51712637.5713961148688202815947978469344387076770882461768618945148777179695128598546598917 +/- 3.92e-83]",
        "[-51712637.5713961148688202815947978469344387076770882461768618945148777179695127896574520763 +/- 3.63e-83]"
      ],
      "B_interval": [
        "[7073235.95422029928722691908103514983210316054185691899732159337211934334081097377828031786 +/- 9.39e-85]",
        "[7073235.95422029928722691908103514983210316054185691899732159337211934334081098608972583574 +/- 2.30e-84]"
      ],
      "p_interval": [
        "[0.136779640072598586619910398307782164809768840608820773755526870838837605003412294184690077 +/- 6.62e-92]",
        "[0.136779640072598586619910398307782164809768840608820773755526870838837605003412717936597431 +/- 1.58e-91]"
      ],
      "physical": false,
      "s_interval": [
        "3811056996847241979222071854257306818054/11127713288444321136063804263957304540649",
        "5596943962656029771075113763059930238743/16342234650242394728778816036158295288189"
      ],
      "xy_discriminant_interval": [
        "[-0.429823686210347141709845192385307940671629054928846345934499257072004753286721561522338761 +/- 2.84e-92]",
        "[-0.429823686210347141709845192385307940671629054928846345934499257072004753286719862748078586 +/- 2.86e-91]"
      ]
    },
    {
      "A_interval": [
        "[-85753.9520645702052148864727244130697416601901848974432312253148997465114504612310154549968 +/- 3.27e-87]",
        "[-85753.9520645702052148864727244130697416601901848974432312253148997465113776357515587596928 +/- 7.23e-87]"
      ],
      "B_interval": [
        "[73926.0068495341154737740148693401767524893029523212665724241485509549297527655587109274579 +/- 8.83e-87]",
        "[73926.0068495341154737740148693401767524893029523212665724241485509549297880833207008551385 +/- 7.82e-87]"
      ],
      "p_interval": [
        "[0.862071135728765075805922086639554216445258051324472265384822737512574040145498309311238490 +/- 1.24e-91]",
        "[0.862071135728765075805922086639554216445258051324472265384822737512574041289468947691014724 +/- 4.30e-91]"
      ],
      "physical": false,
      "s_interval": [
        "26056201297246505028899151752486212772904/28057145806712656217091798993740223934253",
        "17983421603059138519336082711370422249117/19364429843959501590177849731745817726775"
      ],
      "xy_discriminant_interval": [
        "[-2.58583196780856390644585708130497363437842786793256326670643320919621003202941459406174674 +/- 1.74e-90]",
        "[-2.58583196780856390644585708130497363437842786793256326670643320919621002745353199837385003 +/- 1.56e-90]"
      ]
    },
    {
      "A_interval": [
        "[155854766589.018951872068867200305578635298831416238960535263708353654742342724016363183875 +/- 1.11e-79]",
        "[155854766589.018951872068867200305578635298831416238960535263708353654742342724158678924963 +/- 4.38e-79]"
      ],
      "B_interval": [
        "[-23810245972.3487051843725705439024454155877710095659527058380545895920477597532425370588978 +/- 3.28e-80]",
        "[-23810245972.3487051843725705439024454155877710095659527058380545895920477597531697507237387 +/- 3.53e-80]"
      ],
      "p_interval": [
        "[0.152772010079968269508553370477855387140271909441416934729886151407990271370288837586567758 +/- 1.41e-91]",
        "[0.152772010079968269508553370477855387140271909441416934729886151407990271370289444110462916 +/- 1.68e-91]"
      ],
      "physical": true,
      "s_interval": [
        "33648180411229546381241690950706607083288/33775476676971230004379184491716619186483",
        "30811066493705016547377709292463931555475/30927629519111834924631833362376157425123"
      ],
      "xy_discriminant_interval": [
        "[0.381388371856294817119043184232963430225240859758028754437963160340790883890040850860845003 +/- 7.81e-92]",
        "[0.381388371856294817119043184232963430225240859758028754437963160340790883890043278863841037 +/- 5.00e-91]"
      ]
    }
  ],
  "identity": "L(s,p)=constant*(s+1)^2*(A(s)*p+B(s))",
  "linear_subresultant_factorization_constant": "270215977642229760000",
  "linear_subresultant_s_plus_1_exponent": 2,
  "subresultant_degrees_in_p": [
    6,
    6,
    5,
    3,
    2,
    1,
    0
  ]
}
